{"-1":{"zeroCategoryFeatureIds":[[1,2,3,4,5,6,7,8,9,10,11,12,13,14,15,16,17,18,19],[20,21,22,23,24,25,26,27,28,29,30,31,32,33,34,35,36,37,38,39,40,41,42,43,44,45,46,47,48,49,50,51,52,53,54,55,56,57,58,59,60,61,62,63,64,65,66,67,68,69,70,71,72,73,74,75,76,77,78,79,80,81,82,83,84,85,86,87,88,89,90,91,92,93,94,95,96,97,98,99,100,101,102,103,104,105,106,107,108,109,110,111,112,113,114,115,116,117,118,119,120,121,122,123,124,125,126,127,128,129,130,131,132,133,134,135,136,137,138,139,140,141,142,143,144,145,146,147,148,149,150,151,152,153,154,155,156,157,158,159,160,161,162,163,164,165,166,167,168,169,170,171,172,173,174,175,176,177,178,179,180,181,182,183,184,185,186,187,188,189,190,191,192,193,194,195,196,197,198,199,200,201,202,203,204,205,206,207,208,209,210,211,212,213,214,215,216,217,218,219,220,221,222,223,224,225,226,227,228,229,230,231,232,233,234,235,236,237,238,239,240,241,242,243,244,245,246,247,248,249,250,251,252,253,254],[255,256],[259,260,261,262,263],[271,272,273,274,275,276,277,278,279,280],[281,282,283,284,285,286],[287,288,289,290,291,292,293,294],[295,296,297,298,299,300,301],[305,306,307,308,309,310,311,312,313,314,315,316,317,318,319,320,321,322,323,324,325,326,327],[328,329,330,331,332,333,334,335,336,337],[338,339,340,341,342,343,344,345,346,347,348,349,350,351,352,353,354,355,356,357,358,359,360,361,362,363,364,365,366,367,368,369,370,371,372,373,374,375,376,377,378,379,380,381,382,383,384,385,386,387,388,389,390,391,392,393,394,395,396,397,398,399,400,401,402,403,404,405,406,407,408,409,410,411,412,413,414,415,416,417,418,419,420,421,422,423,424,425,426,427,428,429,430,431],[453,454,455,456,457,458,459,460,461]],"zeroNumericFeatureIds":[[0],[257],[258],[264],[265],[266],[267],[268],[269],[302],[303],[304],[432],[433],[434],[435],[436],[437],[438],[439],[440],[441],[442],[443],[444],[445],[446],[447],[448],[450],[451],[452],[462],[463],[464],[466],[467],[468],[470],[471],[472],[473],[474],[475],[477],[478],[479],[480],[481],[482],[483],[484],[485],[486],[487],[488],[489],[490],[491],[492],[493],[494],[495],[496],[497],[498],[500],[501],[502],[503],[504],[505],[506],[507],[509],[510]],"pValue":[0.0,0.0,0.0,0.0,0.0,0.0,0.0,0.0,0.0,0.0,0.0,0.0,0.0,1.0,0.0,0.0,0.0,0.0,0.0,0.0,0.0,0.0,0.0,0.0,0.0,0.0,0.0,0.0,0.0,0.0,0.0,0.0,0.0,0.0,0.0,0.0,0.0,0.0,0.0,0.0,0.0,0.9999999999999999,0.0,0.0,0.0,0.0,0.0,0.0,0.0,1.0,0.0,0.0,0.0,1.0,0.0,0.0,0.0,0.0,0.0,0.0,1.0,0.0,0.0,0.0,0.0,0.0,0.0,0.0,0.0,0.0,0.0,0.0,0.0,0.0,0.0,0.0,0.0,0.0,0.0,0.0,0.0,5.931921620572211E-13,0.0,1.0,0.0,0.0,0.0,0.0,0.0,0.0,0.0,0.0,1.0,0.0,0.0],"allZeroFeatureIds":[[1,2,3,4,5,6,7,8,9,10,11,12,13,14,15,16,17,18,19],[20,21,22,23,24,25,26,27,28,29,30,31,32,33,34,35,36,37,38,39,40,41,42,43,44,45,46,47,48,49,50,51,52,53,54,55,56,57,58,59,60,61,62,63,64,65,66,67,68,69,70,71,72,73,74,75,76,77,78,79,80,81,82,83,84,85,86,87,88,89,90,91,92,93,94,95,96,97,98,99,100,101,102,103,104,105,106,107,108,109,110,111,112,113,114,115,116,117,118,119,120,121,122,123,124,125,126,127,128,129,130,131,132,133,134,135,136,137,138,139,140,141,142,143,144,145,146,147,148,149,150,151,152,153,154,155,156,157,158,159,160,161,162,163,164,165,166,167,168,169,170,171,172,173,174,175,176,177,178,179,180,181,182,183,184,185,186,187,188,189,190,191,192,193,194,195,196,197,198,199,200,201,202,203,204,205,206,207,208,209,210,211,212,213,214,215,216,217,218,219,220,221,222,223,224,225,226,227,228,229,230,231,232,233,234,235,236,237,238,239,240,241,242,243,244,245,246,247,248,249,250,251,252,253,254],[255,256],[259,260,261,262,263],[271,272,273,274,275,276,277,278,279,280],[281,282,283,284,285,286],[287,288,289,290,291,292,293,294],[295,296,297,298,299,300,301],[305,306,307,308,309,310,311,312,313,314,315,316,317,318,319,320,321,322,323,324,325,326,327],[328,329,330,331,332,333,334,335,336,337],[338,339,340,341,342,343,344,345,346,347,348,349,350,351,352,353,354,355,356,357,358,359,360,361,362,363,364,365,366,367,368,369,370,371,372,373,374,375,376,377,378,379,380,381,382,383,384,385,386,387,388,389,390,391,392,393,394,395,396,397,398,399,400,401,402,403,404,405,406,407,408,409,410,411,412,413,414,415,416,417,418,419,420,421,422,423,424,425,426,427,428,429,430,431],[453,454,455,456,457,458,459,460,461],[0],[257],[258],[264],[265],[266],[267],[268],[269],[302],[303],[304],[432],[433],[434],[435],[436],[437],[438],[439],[440],[441],[442],[443],[444],[445],[446],[447],[448],[450],[451],[452],[462],[463],[464],[466],[467],[468],[470],[471],[472],[473],[474],[475],[477],[478],[479],[480],[481],[482],[483],[484],[485],[486],[487],[488],[489],[490],[491],[492],[493],[494],[495],[496],[497],[498],[500],[501],[502],[503],[504],[505],[506],[507],[509],[510]]},"337":{"zeroCategoryFeatureIds":[[20,21,22,23,24,25,26,27,28,29,30,31,32,33,34,35,36,37,38,39,40,41,42,43,44,45,46,47,48,49,50,51,52,53,54,55,56,57,58,59,60,61,62,63,64,65,66,67,68,69,70,71,72,73,74,75,76,77,78,79,80,81,82,83,84,85,86,87,88,89,90,91,92,93,94,95,96,97,98,99,100,101,102,103,104,105,106,107,108,109,110,111,112,113,114,115,116,117,118,119,120,121,122,123,124,125,126,127,128,129,130,131,132,133,134,135,136,137,138,139,140,141,142,143,144,145,146,147,148,149,150,151,152,153,154,155,156,157,158,159,160,161,162,163,164,165,166,167,168,169,170,171,172,173,174,175,176,177,178,179,180,181,182,183,184,185,186,187,188,189,190,191,192,193,194,195,196,197,198,199,200,201,202,203,204,205,206,207,208,209,210,211,212,213,214,215,216,217,218,219,220,221,222,223,224,225,226,227,228,229,230,231,232,233,234,235,236,237,238,239,240,241,242,243,244,245,246,247,248,249,250,251,252,253,254],[271,272,273,274,275,276,277,278,279,280],[305,306,307,308,309,310,311,312,313,314,315,316,317,318,319,320,321,322,323,324,325,326,327]],"zeroNumericFeatureIds":[[0],[257],[302],[434],[436],[437],[438],[439],[441],[446],[447],[448],[451],[485],[487],[488]],"pValue":[0.0,0.8664757282975984,2.8036674226683544E-7,0.7706469492995873,0.0,0.5062047052543694,0.7818531466762964,1.0,0.2276619894047207,0.6449804665943573,1.0,0.35468367109750853,0.9999880811795836,1.0,0.0,0.04596333756332405,0.7818531466762964,0.0012380872017698774,6.661338147750939E-16,1.0,0.516325781255345,1.0727647514752192E-7,1.0,1.0,0.37258802186520645,0.08350174023609847,0.0,0.3480976587307735,0.0,0.0,0.0,0.0,1.0,0.0,1.0,1.0,0.031630953928782346,1.0,0.0,0.0,0.0,1.0,1.0,0.0,1.0,0.917225335363917,1.0,1.0,1.0,1.0,1.0,0.12108288774063414,0.9381881223909763,1.0,1.0,1.0,1.0,1.0,1.0,1.0,1.0,1.0,0.36632866092585203,0.27070211122943577,0.9979080789745389,0.9074014375594645,1.0,0.9990075277072712,0.008309648947086079,1.6742596198326964E-10,0.6112362566202045,9.497069797248514E-12,2.554623179662485E-13,1.0,0.9815946251026856,0.2866158336602558,0.9998163759053043,0.9867600979643872,0.843209072765494,0.6377158486473204,0.7206861043107148,0.41657479803639286,0.8313655897509136,1.0,0.09615540516045429,0.9981221326275764,0.7503422934431347,0.9938878949235453,0.9015333760759883,0.41923543715969236,1.0,0.47874821318798844,1.0,0.05928278074435256,0.7604474110669347],