{"-1":{"zeroCategoryFeatureIds":[[1,2,3,4,5,6,7,8,9,10,11,12,13,14,15,16,17,18,19],[20,21,22,23,24,25,26,27,28,29,30,31,32,33,34,35,36,37,38,39,40,41,42,43,44,45,46,47,48,49,50,51,52,53,54,55,56,57,58,59,60,61,62,63,64,65,66,67,68,69,70,71,72,73,74,75,76,77,78,79,80,81,82,83,84,85,86,87,88,89,90,91,92,93,94,95,96,97,98,99,100,101,102,103,104,105,106,107,108,109,110,111,112,113,114,115,116,117,118,119,120,121,122,123,124,125,126,127,128,129,130,131,132,133,134,135,136,137,138,139,140,141,142,143,144,145,146,147,148,149,150,151,152,153,154,155,156,157,158,159,160,161,162,163,164,165,166,167,168,169,170,171,172,173,174,175,176,177,178,179,180,181,182,183,184,185,186,187,188,189,190,191,192,193,194,195,196,197,198,199,200,201,202,203,204,205,206,207,208,209,210,211,212,213,214,215,216,217,218,219,220,221,222,223,224,225,226,227,228,229,230,231,232,233,234,235,236,237,238,239,240,241,242,243,244,245,246,247,248,249,250,251,252,253,254],[255,256],[259,260,261,262,263],[271,272,273,274,275,276,277,278,279,280],[281,282,283,284,285,286],[287,288,289,290,291,292,293,294],[295,296,297,298,299,300,301],[305,306,307,308,309,310,311,312,313,314,315,316,317,318,319,320,321,322,323,324,325,326,327],[328,329,330,331,332,333,334,335,336,337],[338,339,340,341,342,343,344,345,346,347,348,349,350,351,352,353,354,355,356,357,358,359,360,361,362,363,364,365,366,367,368,369,370,371,372,373,374,375,376,377,378,379,380,381,382,383,384,385,386,387,388,389,390,391,392,393,394,395,396,397,398,399,400,401,402,403,404,405,406,407,408,409,410,411,412,413,414,415,416,417,418,419,420,421,422,423,424,425,426,427,428,429,430,431],[453,454,455,456,457,458,459,460,461]],"zeroNumericFeatureIds":[[0],[257],[258],[265],[269],[270],[302],[303],[304],[432],[433],[434],[436],[437],[438],[439],[440],[441],[442],[443],[444],[446],[447],[448],[450],[451],[452],[462],[463],[464],[466],[468],[471],[472],[473],[484],[485],[487],[488],[489],[490],[491],[492],[493],[494],[495],[496],[497],[498],[499],[500],[501],[502],[503],[504],[505],[506],[507],[509],[510]],"pValue":[0.0,0.0,0.0,0.0,0.0,0.0,0.0,0.9785637359967863,0.0,1.0,1.0000000000000007,0.9999999999999991,0.0,0.0,0.0,0.0,0.0,0.0,0.0,0.0,0.0,0.0,0.0,0.0,0.0,0.0,0.0,1.0000000000000007,0.0,0.0,0.0,0.0,0.0,0.0,0.0,0.0,0.0,0.5353049128255831,0.0,0.0,0.0,4.3564045159305564E-4,0.0,0.0,0.0,0.0,0.0,0.0,0.0,0.0216340631351567,0.0,1.0,0.0,1.0000000000000002,1.0000000000000002,0.0,0.0,0.0,1.0000000000000007,0.9996007897060056,0.9999998622485637,1.0000000000000002,0.9999999999999999,1.0000000000000004,1.0000000000000002,1.0000000000000007,1.0000000000000002,1.0,0.0,0.0,0.7799732207565423,0.0,0.0,0.0,0.0,0.0,0.0,0.0,0.0,0.0,0.0,0.0,0.0,5.5269233634192005E-11,0.0,0.0,0.0,0.0,0.0,0.0,0.0,0.0,0.005111772653743407,0.0,0.0],"allZeroFeatureIds":[[1,2,3,4,5,6,7,8,9,10,11,12,13,14,15,16,17,18,19],[20,21,22,23,24,25,26,27,28,29,30,31,32,33,34,35,36,37,38,39,40,41,42,43,44,45,46,47,48,49,50,51,52,53,54,55,56,57,58,59,60,61,62,63,64,65,66,67,68,69,70,71,72,73,74,75,76,77,78,79,80,81,82,83,84,85,86,87,88,89,90,91,92,93,94,95,96,97,98,99,100,101,102,103,104,105,106,107,108,109,110,111,112,113,114,115,116,117,118,119,120,121,122,123,124,125,126,127,128,129,130,131,132,133,134,135,136,137,138,139,140,141,142,143,144,145,146,147,148,149,150,151,152,153,154,155,156,157,158,159,160,161,162,163,164,165,166,167,168,169,170,171,172,173,174,175,176,177,178,179,180,181,182,183,184,185,186,187,188,189,190,191,192,193,194,195,196,197,198,199,200,201,202,203,204,205,206,207,208,209,210,211,212,213,214,215,216,217,218,219,220,221,222,223,224,225,226,227,228,229,230,231,232,233,234,235,236,237,238,239,240,241,242,243,244,245,246,247,248,249,250,251,252,253,254],[255,256],[259,260,261,262,263],[271,272,273,274,275,276,277,278,279,280],[281,282,283,284,285,286],[287,288,289,290,291,292,293,294],[295,296,297,298,299,300,301],[305,306,307,308,309,310,311,312,313,314,315,316,317,318,319,320,321,322,323,324,325,326,327],[328,329,330,331,332,333,334,335,336,337],[338,339,340,341,342,343,344,345,346,347,348,349,350,351,352,353,354,355,356,357,358,359,360,361,362,363,364,365,366,367,368,369,370,371,372,373,374,375,376,377,378,379,380,381,382,383,384,385,386,387,388,389,390,391,392,393,394,395,396,397,398,399,400,401,402,403,404,405,406,407,408,409,410,411,412,413,414,415,416,417,418,419,420,421,422,423,424,425,426,427,428,429,430,431],[453,454,455,456,457,458,459,460,461],[0],[257],[258],[265],[269],[270],[302],[303],[304],[432],[433],[434],[436],[437],[438],[439],[440],[441],[442],[443],[444],[446],[447],[448],[450],[451],[452],[462],[463],[464],[466],[468],[471],[472],[473],[484],[485],[487],[488],[489],[490],[491],[492],[493],[494],[495],[496],[497],[498],[499],[500],[501],[502],[503],[504],[505],[506],[507],[509],[510]]},"337":{"zeroCategoryFeatureIds":[[20,21,22,23,24,25,26,27,28,29,30,31,32,33,34,35,36,37,38,39,40,41,42,43,44,45,46,47,48,49,50,51,52,53,54,55,56,57,58,59,60,61,62,63,64,65,66,67,68,69,70,71,72,73,74,75,76,77,78,79,80,81,82,83,84,85,86,87,88,89,90,91,92,93,94,95,96,97,98,99,100,101,102,103,104,105,106,107,108,109,110,111,112,113,114,115,116,117,118,119,120,121,122,123,124,125,126,127,128,129,130,131,132,133,134,135,136,137,138,139,140,141,142,143,144,145,146,147,148,149,150,151,152,153,154,155,156,157,158,159,160,161,162,163,164,165,166,167,168,169,170,171,172,173,174,175,176,177,178,179,180,181,182,183,184,185,186,187,188,189,190,191,192,193,194,195,196,197,198,199,200,201,202,203,204,205,206,207,208,209,210,211,212,213,214,215,216,217,218,219,220,221,222,223,224,225,226,227,228,229,230,231,232,233,234,235,236,237,238,239,240,241,242,243,244,245,246,247,248,249,250,251,252,253,254],[271,272,273,274,275,276,277,278,279,280],[305,306,307,308,309,310,311,312,313,314,315,316,317,318,319,320,321,322,323,324,325,326,327]],"zeroNumericFeatureIds":[[0],[257],[302],[434],[436],[437],[438],[439],[441],[446],[447],[448],[451],[485],[487],[488]],"pValue":[0.0,0.8664757282975984,2.8036674226683544E-7,0.7706469492995873,0.0,0.9280285490224522,0.7818531466762964,1.0,0.15259970621610885,0.9332775287622569,0.999936807154539,0.35468367109750853,0.9999999999756604,1.0,0.0,0.04596333756332405,0.7818531466762964,0.0012380872017698774,0.0,1.0,0.9280285490224522,1.0727647514752192E-7,1.0,1.0,0.42482167636672474,0.02170902960666543,0.0,0.3480976587307735,0.0,0.0,0.0,0.0,1.0000000000000002,0.0,1.0000000000000002,1.0000000000000002,0.018967942554187878,1.0,0.0,0.0,0.0,1.0,1.0000000000000002,0.0,0.9999999999999999,0.917225335363917,1.0,1.0000000000000002,1.0,1.0000000000000007,1.0,0.9999999999999999,0.9999999999999823,1.0,0.9999999999999998,0.9999999999999998,0.9999999999999999,1.0000000000000004,1.0000000000000002,0.9999999999999997,0.9999999999997787,0.9898631776925627,0.9992621186705855,0.9999999999999999,0.9999999999842886,0.999999999999994,0.9999999999999999,0.9999999999999709,0.46380221583701087,6.320249140712164E-7,0.26797686576731106,9.497069797248514E-12,2.554623179662485E-13,0.6726904222182942,0.012719119590194006,0.2866158336602558,0.999248883646463,0.7853547530569778,0.9245006431147309,0.4658890213044281,0.9935988415612345,0.41657479803639286,0.7480576383308438,0.9999998676611557,0.09615540516045429,0.927569650784182,0.4494011228384963,0.9072353873923099,0.5593155551012725,0.6269121135457432,0.9828146204700409,0.9697270824510201,1.0000000000000002,0.05928278074435256,0.9968584835918495],